"year","month","total_rental","total_revenue","customer_number","average_revenue"
"2005","6","2015","8349.85","518","4.1438461538461538"
"2005","7","6713","28377.87","599","4.2273007597199464"
"2005","8","5686","24070.14","599","4.2332289834681674"
"2006","2","182","514.18","158","2.8251648351648352"
